[{
	"name": "Afghanistan",
	"iso_2": "AF",
	"iso_3": "AFG",
	"iso_m49": "004"
}, {
	"name": "Aland Islands",
	"iso_2": "AX",
	"iso_3": "ALA",
	"iso_m49": "248"
}, {
	"name": "Albania",
	"iso_2": "AL",
	"iso_3": "ALB",
	"iso_m49": "008"
}, {
	"name": "Algeria",
	"iso_2": "DZ",
	"iso_3": "DZA",
	"iso_m49": "012"
}, {
	"name": "American Samoa",
	"iso_2": "AS",
	"iso_3": "ASM",
	"iso_m49": "016"
}, {
	"name": "Andorra",
	"iso_2": "AD",
	"iso_3": "AND",
	"iso_m49": "020"
}, {
	"name": "Angola",
	"iso_2": "AO",
	"iso_3": "AGO",
	"iso_m49": "024"
}, {
	"name": "Anguilla",
	"iso_2": "AI",
	"iso_3": "AIA",
	"iso_m49": "660"
}, {
	"name": "Antarctica",
	"iso_2": "AQ",
	"iso_3": "ATA",
	"iso_m49": "010"
}, {
	"name": "Antigua and Barbuda",
	"iso_2": "AG",
	"iso_3": "ATG",
	"iso_m49": "028"
}, {
	"name": "Argentina",
	"iso_2": "AR",
	"iso_3": "ARG",
	"iso_m49": "032"
}, {
	"name": "Armenia",
	"iso_2": "AM",
	"iso_3": "ARM",
	"iso_m49": "051"
}, {
	"name": "Aruba",
	"iso_2": "AW",
	"iso_3": "ABW",
	"iso_m49": "533"
}, {
	"name": "Australia",
	"iso_2": "AU",
	"iso_3": "AUS",
	"iso_m49": "036"
}, {
	"name": "Austria",
	"iso_2": "AT",
	"iso_3": "AUT",
	"iso_m49": "040"
}, {
	"name": "Azerbaijan",
	"iso_2": "AZ",
	"iso_3": "AZE",
	"iso_m49": "031"
}, {
	"name": "Bahamas",
	"iso_2": "BS",
	"iso_3": "BHS",
	"iso_m49": "044"
}, {
	"name": "Bahrain",
	"iso_2": "BH",
	"iso_3": "BHR",
	"iso_m49": "048"
}, {
	"name": "Bangladesh",
	"iso_2": "BD",
	"iso_3": "BGD",
	"iso_m49": "050"
}, {
	"name": "Barbados",
	"iso_2": "BB",
	"iso_3": "BRB",
	"iso_m49": "052"
}, {
	"name": "Belarus",
	"iso_2": "BY",
	"iso_3": "BLR",
	"iso_m49": "112"
}, {
	"name": "Belgium",
	"iso_2": "BE",
	"iso_3": "BEL",
	"iso_m49": "056"
}, {
	"name": "Belize",
	"iso_2": "BZ",
	"iso_3": "BLZ",
	"iso_m49": "084"
}, {
	"name": "Benin",
	"iso_2": "BJ",
	"iso_3": "BEN",
	"iso_m49": "204"
}, {
	"name": "Bermuda",
	"iso_2": "BM",
	"iso_3": "BMU",
	"iso_m49": "060"
}, {
	"name": "Bhutan",
	"iso_2": "BT",
	"iso_3": "BTN",
	"iso_m49": "064"
}, {
	"name": "Bolivia",
	"iso_2": "BO",
	"iso_3": "BOL",
	"iso_m49": "068"
}, {
	"name": "Bosnia and Herzegovina",
	"iso_2": "BA",
	"iso_3": "BIH",
	"iso_m49": "070"
}, {
	"name": "Botswana",
	"iso_2": "BW",
	"iso_3": "BWA",
	"iso_m49": "072"
}, {
	"name": "Bouvet Island",
	"iso_2": "BV",
	"iso_3": "BVT",
	"iso_m49": "074"
}, {
	"name": "Brazil",
	"iso_2": "BR",
	"iso_3": "BRA",
	"iso_m49": "076"
}, {
	"name": "British Virgin Islands",
	"iso_2": "VG",
	"iso_3": "VGB",
	"iso_m49": "092"
}, {
	"name": "British Indian Ocean Territory",
	"iso_2": "IO",
	"iso_3": "IOT",
	"iso_m49": "086"
}, {
	"name": "Brunei Darussalam",
	"iso_2": "BN",
	"iso_3": "BRN",
	"iso_m49": "096"
}, {
	"name": "Bulgaria",
	"iso_2": "BG",
	"iso_3": "BGR",
	"iso_m49": "100"
}, {
	"name": "Burkina Faso",
	"iso_2": "BF",
	"iso_3": "BFA",
	"iso_m49": "854"
}, {
	"name": "Burundi",
	"iso_2": "BI",
	"iso_3": "BDI",
	"iso_m49": "108"
}, {
	"name": "Cambodia",
	"iso_2": "KH",
	"iso_3": "KHM",
	"iso_m49": "116"
}, {
	"name": "Cameroon",
	"iso_2": "CM",
	"iso_3": "CMR",
	"iso_m49": "120"
}, {
	"name": "Canada ",
	"iso_2": "CA",
	"iso_3": "CAN",
	"iso_m49": "124"
}, {
	"name": "Cape Verde",
	"iso_2": "CV",
	"iso_3": "CPV",
	"iso_m49": "132"
}, {
	"name": "Cayman Islands ",
	"iso_2": "KY",
	"iso_3": "CYM",
	"iso_m49": "136"
}, {
	"name": "Central African Republic",
	"iso_2": "CF",
	"iso_3": "CAF",
	"iso_m49": "140"
}, {
	"name": "Chad",
	"iso_2": "TD",
	"iso_3": "TCD",
	"iso_m49": "148"
}, {
	"name": "Chile",
	"iso_2": "CL",
	"iso_3": "CHL",
	"iso_m49": "152"
}, {
	"name": "China",
	"iso_2": "CN",
	"iso_3": "CHN",
	"iso_m49": "156"
}, {
	"name": "Hong Kong, Special Administrative Region of China",
	"iso_2": "HK",
	"iso_3": "HKG",
	"iso_m49": "344"
}, {
	"name": "Macao, Special Administrative Region of China",
	"iso_2": "MO",
	"iso_3": "MAC",
	"iso_m49": "446"
}, {
	"name": "Christmas Island",
	"iso_2": "CX",
	"iso_3": "CXR",
	"iso_m49": "162"
}, {
	"name": "Cocos (Keeling) Islands",
	"iso_2": "CC",
	"iso_3": "CCK",
	"iso_m49": "166"
}, {
	"name": "Colombia",
	"iso_2": "CO",
	"iso_3": "COL",
	"iso_m49": "170"
}, {
	"name": "Comoros",
	"iso_2": "KM",
	"iso_3": "COM",
	"iso_m49": "174"
}, {
	"name": "Congo (Brazzaville) ",
	"iso_2": "CG",
	"iso_3": "COG",
	"iso_m49": "178"
}, {
	"name": "Congo, Democratic Republic of the  ",
	"iso_2": "CD",
	"iso_3": "COD",
	"iso_m49": "180"
}, {
	"name": "Cook Islands ",
	"iso_2": "CK",
	"iso_3": "COK",
	"iso_m49": "184"
}, {
	"name": "Costa Rica",
	"iso_2": "CR",
	"iso_3": "CRI",
	"iso_m49": "188"
}, {
	"name": "Côte d'Ivoire",
	"iso_2": "CI",
	"iso_3": "CIV",
	"iso_m49": "384"
}, {
	"name": "Croatia",
	"iso_2": "HR",
	"iso_3": "HRV",
	"iso_m49": "191"
}, {
	"name": "Cuba",
	"iso_2": "CU",
	"iso_3": "CUB",
	"iso_m49": "192"
}, {
	"name": "Cyprus",
	"iso_2": "CY",
	"iso_3": "CYP",
	"iso_m49": "196"
}, {
	"name": "Czech Republic",
	"iso_2": "CZ",
	"iso_3": "CZE",
	"iso_m49": "203"
}, {
	"name": "Denmark",
	"iso_2": "DK",
	"iso_3": "DNK",
	"iso_m49": "208"
}, {
	"name": "Djibouti",
	"iso_2": "DJ",
	"iso_3": "DJI",
	"iso_m49": "262"
}, {
	"name": "Dominica",
	"iso_2": "DM",
	"iso_3": "DMA",
	"iso_m49": "212"
}, {
	"name": "Dominican Republic",
	"iso_2": "DO",
	"iso_3": "DOM",
	"iso_m49": "214"
}, {
	"name": "Ecuador",
	"iso_2": "EC",
	"iso_3": "ECU",
	"iso_m49": "218"
}, {
	"name": "Egypt",
	"iso_2": "EG",
	"iso_3": "EGY",
	"iso_m49": "818"
}, {
	"name": "El Salvador",
	"iso_2": "SV",
	"iso_3": "SLV",
	"iso_m49": "222"
}, {
	"name": "Equatorial Guinea",
	"iso_2": "GQ",
	"iso_3": "GNQ",
	"iso_m49": "226"
}, {
	"name": "Eritrea",
	"iso_2": "ER",
	"iso_3": "ERI",
	"iso_m49": "232"
}, {
	"name": "Estonia",
	"iso_2": "EE",
	"iso_3": "EST",
	"iso_m49": "233"
}, {
	"name": "Ethiopia",
	"iso_2": "ET",
	"iso_3": "ETH",
	"iso_m49": "231"
}, {
	"name": "Falkland Islands (Malvinas) ",
	"iso_2": "FK",
	"iso_3": "FLK",
	"iso_m49": "238"
}, {
	"name": "Faroe Islands",
	"iso_2": "FO",
	"iso_3": "FRO",
	"iso_m49": "234"
}, {
	"name": "Fiji",
	"iso_2": "FJ",
	"iso_3": "FJI",
	"iso_m49": "242"
}, {
	"name": "Finland",
	"iso_2": "FI",
	"iso_3": "FIN",
	"iso_m49": "246"
}, {
	"name": "France",
	"iso_2": "FR",
	"iso_3": "FRA",
	"iso_m49": "250"
}, {
	"name": "French Guiana",
	"iso_2": "GF",
	"iso_3": "GUF",
	"iso_m49": "254"
}, {
	"name": "French Polynesia",
	"iso_2": "PF",
	"iso_3": "PYF",
	"iso_m49": "258"
}, {
	"name": "French Southern Territories ",
	"iso_2": "TF",
	"iso_3": "ATF",
	"iso_m49": "260"
}, {
	"name": "Gabon",
	"iso_2": "GA",
	"iso_3": "GAB",
	"iso_m49": "266"
}, {
	"name": "Gambia",
	"iso_2": "GM",
	"iso_3": "GMB",
	"iso_m49": "270"
}, {
	"name": "Georgia",
	"iso_2": "GE",
	"iso_3": "GEO",
	"iso_m49": "268"
}, {
	"name": "Germany ",
	"iso_2": "DE",
	"iso_3": "DEU",
	"iso_m49": "276"
}, {
	"name": "Ghana",
	"iso_2": "GH",
	"iso_3": "GHA",
	"iso_m49": "288"
}, {
	"name": "Gibraltar ",
	"iso_2": "GI",
	"iso_3": "GIB",
	"iso_m49": "292"
}, {
	"name": "Greece",
	"iso_2": "GR",
	"iso_3": "GRC",
	"iso_m49": "300"
}, {
	"name": "Greenland",
	"iso_2": "GL",
	"iso_3": "GRL",
	"iso_m49": "304"
}, {
	"name": "Grenada",
	"iso_2": "GD",
	"iso_3": "GRD",
	"iso_m49": "308"
}, {
	"name": "Guadeloupe",
	"iso_2": "GP",
	"iso_3": "GLP",
	"iso_m49": "312"
}, {
	"name": "Guam",
	"iso_2": "GU",
	"iso_3": "GUM",
	"iso_m49": "316"
}, {
	"name": "Guatemala",
	"iso_2": "GT",
	"iso_3": "GTM",
	"iso_m49": "320"
}, {
	"name": "Guernsey",
	"iso_2": "GG",
	"iso_3": "GGY",
	"iso_m49": "831"
}, {
	"name": "Guinea",
	"iso_2": "GN",
	"iso_3": "GIN",
	"iso_m49": "324"
}, {
	"name": "Guinea-Bissau",
	"iso_2": "GW",
	"iso_3": "GNB",
	"iso_m49": "624"
}, {
	"name": "Guyana",
	"iso_2": "GY",
	"iso_3": "GUY",
	"iso_m49": "328"
}, {
	"name": "Haiti",
	"iso_2": "HT",
	"iso_3": "HTI",
	"iso_m49": "332"
}, {
	"name": "Heard Island and Mcdonald Islands",
	"iso_2": "HM",
	"iso_3": "HMD",
	"iso_m49": "334"
}, {
	"name": "Holy See (Vatican City State)",
	"iso_2": "VA",
	"iso_3": "VAT",
	"iso_m49": "336"
}, {
	"name": "Honduras",
	"iso_2": "HN",
	"iso_3": "HND",
	"iso_m49": "340"
}, {
	"name": "Hungary",
	"iso_2": "HU",
	"iso_3": "HUN",
	"iso_m49": "348"
}, {
	"name": "Iceland",
	"iso_2": "IS",
	"iso_3": "ISL",
	"iso_m49": "352"
}, {
	"name": "India",
	"iso_2": "IN",
	"iso_3": "IND",
	"iso_m49": "356"
}, {
	"name": "Indonesia",
	"iso_2": "ID",
	"iso_3": "IDN",
	"iso_m49": "360"
}, {
	"name": "Iran, Islamic Republic of",
	"iso_2": "IR",
	"iso_3": "IRN",
	"iso_m49": "364"
}, {
	"name": "Iraq",
	"iso_2": "IQ",
	"iso_3": "IRQ",
	"iso_m49": "368"
}, {
	"name": "Ireland",
	"iso_2": "IE",
	"iso_3": "IRL",
	"iso_m49": "372"
}, {
	"name": "Isle of Man ",
	"iso_2": "IM",
	"iso_3": "IMN",
	"iso_m49": "833"
}, {
	"name": "Israel ",
	"iso_2": "IL",
	"iso_3": "ISR",
	"iso_m49": "376"
}, {
	"name": "Italy ",
	"iso_2": "IT",
	"iso_3": "ITA",
	"iso_m49": "380"
}, {
	"name": "Jamaica",
	"iso_2": "JM",
	"iso_3": "JAM",
	"iso_m49": "388"
}, {
	"name": "Japan",
	"iso_2": "JP",
	"iso_3": "JPN",
	"iso_m49": "392"
}, {
	"name": "Jersey",
	"iso_2": "JE",
	"iso_3": "JEY",
	"iso_m49": "832"
}, {
	"name": "Jordan",
	"iso_2": "JO",
	"iso_3": "JOR",
	"iso_m49": "400"
}, {
	"name": "Kazakhstan",
	"iso_2": "KZ",
	"iso_3": "KAZ",
	"iso_m49": "398"
}, {
	"name": "Kenya",
	"iso_2": "KE",
	"iso_3": "KEN",
	"iso_m49": "404"
}, {
	"name": "Kiribati",
	"iso_2": "KI",
	"iso_3": "KIR",
	"iso_m49": "296"
}, {
	"name": "Korea, Democratic People's Republic of ",
	"iso_2": "KP",
	"iso_3": "PRK",
	"iso_m49": "408"
}, {
	"name": "Korea, Republic of ",
	"iso_2": "KR",
	"iso_3": "KOR",
	"iso_m49": "410"
}, {
	"name": "Kuwait",
	"iso_2": "KW",
	"iso_3": "KWT",
	"iso_m49": "414"
}, {
	"name": "Kyrgyzstan",
	"iso_2": "KG",
	"iso_3": "KGZ",
	"iso_m49": "417"
}, {
	"name": "Lao PDR",
	"iso_2": "LA",
	"iso_3": "LAO",
	"iso_m49": "418"
}, {
	"name": "Latvia",
	"iso_2": "LV",
	"iso_3": "LVA",
	"iso_m49": "428"
}, {
	"name": "Lebanon",
	"iso_2": "LB",
	"iso_3": "LBN",
	"iso_m49": "422"
}, {
	"name": "Lesotho",
	"iso_2": "LS",
	"iso_3": "LSO",
	"iso_m49": "426"
}, {
	"name": "Liberia",
	"iso_2": "LR",
	"iso_3": "LBR",
	"iso_m49": "430"
}, {
	"name": "Libya",
	"iso_2": "LY",
	"iso_3": "LBY",
	"iso_m49": "434"
}, {
	"name": "Liechtenstein",
	"iso_2": "LI",
	"iso_3": "LIE",
	"iso_m49": "438"
}, {
	"name": "Lithuania",
	"iso_2": "LT",
	"iso_3": "LTU",
	"iso_m49": "440"
}, {
	"name": "Luxembourg",
	"iso_2": "LU",
	"iso_3": "LUX",
	"iso_m49": "442"
}, {
	"name": "Macedonia, Republic of",
	"iso_2": "MK",
	"iso_3": "MKD",
	"iso_m49": "807"
}, {
	"name": "Madagascar",
	"iso_2": "MG",
	"iso_3": "MDG",
	"iso_m49": "450"
}, {
	"name": "Malawi",
	"iso_2": "MW",
	"iso_3": "MWI",
	"iso_m49": "454"
}, {
	"name": "Malaysia",
	"iso_2": "MY",
	"iso_3": "MYS",
	"iso_m49": "458"
}, {
	"name": "Maldives",
	"iso_2": "MV",
	"iso_3": "MDV",
	"iso_m49": "462"
}, {
	"name": "Mali",
	"iso_2": "ML",
	"iso_3": "MLI",
	"iso_m49": "466"
}, {
	"name": "Malta",
	"iso_2": "MT",
	"iso_3": "MLT",
	"iso_m49": "470"
}, {
	"name": "Marshall Islands",
	"iso_2": "MH",
	"iso_3": "MHL",
	"iso_m49": "584"
}, {
	"name": "Martinique",
	"iso_2": "MQ",
	"iso_3": "MTQ",
	"iso_m49": "474"
}, {
	"name": "Mauritania",
	"iso_2": "MR",
	"iso_3": "MRT",
	"iso_m49": "478"
}, {
	"name": "Mauritius",
	"iso_2": "MU",
	"iso_3": "MUS",
	"iso_m49": "480"
}, {
	"name": "Mayotte",
	"iso_2": "YT",
	"iso_3": "MYT",
	"iso_m49": "175"
}, {
	"name": "Mexico",
	"iso_2": "MX",
	"iso_3": "MEX",
	"iso_m49": "484"
}, {
	"name": "Micronesia, Federated States of",
	"iso_2": "FM",
	"iso_3": "FSM",
	"iso_m49": "583"
}, {
	"name": "Moldova",
	"iso_2": "MD",
	"iso_3": "MDA",
	"iso_m49": "498"
}, {
	"name": "Monaco",
	"iso_2": "MC",
	"iso_3": "MCO",
	"iso_m49": "492"
}, {
	"name": "Mongolia",
	"iso_2": "MN",
	"iso_3": "MNG",
	"iso_m49": "496"
}, {
	"name": "Montenegro",
	"iso_2": "ME",
	"iso_3": "MNE",
	"iso_m49": "499"
}, {
	"name": "Montserrat",
	"iso_2": "MS",
	"iso_3": "MSR",
	"iso_m49": "500"
}, {
	"name": "Morocco",
	"iso_2": "MA",
	"iso_3": "MAR",
	"iso_m49": "504"
}, {
	"name": "Mozambique",
	"iso_2": "MZ",
	"iso_3": "MOZ",
	"iso_m49": "508"
}, {
	"name": "Myanmar",
	"iso_2": "MM",
	"iso_3": "MMR",
	"iso_m49": "104"
}, {
	"name": "Namibia",
	"iso_2": "NA",
	"iso_3": "NAM",
	"iso_m49": "516"
}, {
	"name": "Nauru",
	"iso_2": "NR",
	"iso_3": "NRU",
	"iso_m49": "520"
}, {
	"name": "Nepal",
	"iso_2": "NP",
	"iso_3": "NPL",
	"iso_m49": "524"
}, {
	"name": "Netherlands",
	"iso_2": "NL",
	"iso_3": "NLD",
	"iso_m49": "528"
}, {
	"name": "Netherlands Antilles",
	"iso_2": "AN",
	"iso_3": "ANT",
	"iso_m49": "530"
}, {
	"name": "New Caledonia",
	"iso_2": "NC",
	"iso_3": "NCL",
	"iso_m49": "540"
}, {
	"name": "New Zealand",
	"iso_2": "NZ",
	"iso_3": "NZL",
	"iso_m49": "554"
}, {
	"name": "Nicaragua",
	"iso_2": "NI",
	"iso_3": "NIC",
	"iso_m49": "558"
}, {
	"name": "Niger",
	"iso_2": "NE",
	"iso_3": "NER",
	"iso_m49": "562"
}, {
	"name": "Nigeria",
	"iso_2": "NG",
	"iso_3": "NGA",
	"iso_m49": "566"
}, {
	"name": "Niue ",
	"iso_2": "NU",
	"iso_3": "NIU",
	"iso_m49": "570"
}, {
	"name": "Norfolk Island",
	"iso_2": "NF",
	"iso_3": "NFK",
	"iso_m49": "574"
}, {
	"name": "Northern Mariana Islands",
	"iso_2": "MP",
	"iso_3": "MNP",
	"iso_m49": "580"
}, {
	"name": "Norway",
	"iso_2": "NO",
	"iso_3": "NOR",
	"iso_m49": "578"
}, {
	"name": "Oman",
	"iso_2": "OM",
	"iso_3": "OMN",
	"iso_m49": "512"
}, {
	"name": "Pakistan",
	"iso_2": "PK",
	"iso_3": "PAK",
	"iso_m49": "586"
}, {
	"name": "Palau",
	"iso_2": "PW",
	"iso_3": "PLW",
	"iso_m49": "585"
}, {
	"name": "Palestinian Territory, Occupied",
	"iso_2": "PS",
	"iso_3": "PSE",
	"iso_m49": "275"
}, {
	"name": "Panama",
	"iso_2": "PA",
	"iso_3": "PAN",
	"iso_m49": "591"
}, {
	"name": "Papua New Guinea",
	"iso_2": "PG",
	"iso_3": "PNG",
	"iso_m49": "598"
}, {
	"name": "Paraguay",
	"iso_2": "PY",
	"iso_3": "PRY",
	"iso_m49": "600"
}, {
	"name": "Peru",
	"iso_2": "PE",
	"iso_3": "PER",
	"iso_m49": "604"
}, {
	"name": "Philippines",
	"iso_2": "PH",
	"iso_3": "PHL",
	"iso_m49": "608"
}, {
	"name": "Pitcairn ",
	"iso_2": "PN",
	"iso_3": "PCN",
	"iso_m49": "612"
}, {
	"name": "Poland",
	"iso_2": "PL",
	"iso_3": "POL",
	"iso_m49": "616"
}, {
	"name": "Portugal",
	"iso_2": "PT",
	"iso_3": "PRT",
	"iso_m49": "620"
}, {
	"name": "Puerto Rico",
	"iso_2": "PR",
	"iso_3": "PRI",
	"iso_m49": "630"
}, {
	"name": "Qatar",
	"iso_2": "QA",
	"iso_3": "QAT",
	"iso_m49": "634"
}, {
	"name": "Réunion",
	"iso_2": "RE",
	"iso_3": "REU",
	"iso_m49": "638"
}, {
	"name": "Romania",
	"iso_2": "RO",
	"iso_3": "ROU",
	"iso_m49": "642"
}, {
	"name": "Russian Federation ",
	"iso_2": "RU",
	"iso_3": "RUS",
	"iso_m49": "643"
}, {
	"name": "Rwanda",
	"iso_2": "RW",
	"iso_3": "RWA",
	"iso_m49": "646"
}, {
	"name": "Saint-Barthélemy",
	"iso_2": "BL",
	"iso_3": "BLM",
	"iso_m49": "652"
}, {
	"name": "Saint Helena ",
	"iso_2": "SH",
	"iso_3": "SHN",
	"iso_m49": "654"
}, {
	"name": "Saint Kitts and Nevis",
	"iso_2": "KN",
	"iso_3": "KNA",
	"iso_m49": "659"
}, {
	"name": "Saint Lucia",
	"iso_2": "LC",
	"iso_3": "LCA",
	"iso_m49": "662"
}, {
	"name": " Saint-Martin (French part)",
	"iso_2": "MF",
	"iso_3": "MAF",
	"iso_m49": "663"
}, {
	"name": "Saint Pierre and Miquelon ",
	"iso_2": "PM",
	"iso_3": "SPM",
	"iso_m49": "666"
}, {
	"name": "Saint Vincent and Grenadines",
	"iso_2": "VC",
	"iso_3": "VCT",
	"iso_m49": "670"
}, {
	"name": "Samoa",
	"iso_2": "WS",
	"iso_3": "WSM",
	"iso_m49": "882"
}, {
	"name": "San Marino",
	"iso_2": "SM",
	"iso_3": "SMR",
	"iso_m49": "674"
}, {
	"name": "Sao Tome and Principe",
	"iso_2": "ST",
	"iso_3": "STP",
	"iso_m49": "678"
}, {
	"name": "Saudi Arabia",
	"iso_2": "SA",
	"iso_3": "SAU",
	"iso_m49": "682"
}, {
	"name": "Senegal",
	"iso_2": "SN",
	"iso_3": "SEN",
	"iso_m49": "686"
}, {
	"name": "Serbia",
	"iso_2": "RS",
	"iso_3": "SRB",
	"iso_m49": "688"
}, {
	"name": "Seychelles",
	"iso_2": "SC",
	"iso_3": "SYC",
	"iso_m49": "690"
}, {
	"name": "Sierra Leone",
	"iso_2": "SL",
	"iso_3": "SLE",
	"iso_m49": "694"
}, {
	"name": "Singapore",
	"iso_2": "SG",
	"iso_3": "SGP",
	"iso_m49": "702"
}, {
	"name": "Slovakia",
	"iso_2": "SK",
	"iso_3": "SVK",
	"iso_m49": "703"
}, {
	"name": "Slovenia",
	"iso_2": "SI",
	"iso_3": "SVN",
	"iso_m49": "705"
}, {
	"name": "Solomon Islands",
	"iso_2": "SB",
	"iso_3": "SLB",
	"iso_m49": "090"
}, {
	"name": "Somalia",
	"iso_2": "SO",
	"iso_3": "SOM",
	"iso_m49": "706"
}, {
	"name": "South Africa",
	"iso_2": "ZA",
	"iso_3": "ZAF",
	"iso_m49": "710"
}, {
	"name": "South Georgia and the South Sandwich Islands",
	"iso_2": "GS",
	"iso_3": "SGS",
	"iso_m49": "239"
}, {
	"name": "South Sudan",
	"iso_2": "SS",
	"iso_3": "SSD",
	"iso_m49": "728"
}, {
	"name": "Spain",
	"iso_2": "ES",
	"iso_3": "ESP",
	"iso_m49": "724"
}, {
	"name": "Sri Lanka",
	"iso_2": "LK",
	"iso_3": "LKA",
	"iso_m49": "144"
}, {
	"name": "Sudan",
	"iso_2": "SD",
	"iso_3": "SDN",
	"iso_m49": "736"
}, {
	"name": "Suriname *",
	"iso_2": "SR",
	"iso_3": "SUR",
	"iso_m49": "740"
}, {
	"name": "Svalbard and Jan Mayen Islands ",
	"iso_2": "SJ",
	"iso_3": "SJM",
	"iso_m49": "744"
}, {
	"name": "Swaziland",
	"iso_2": "SZ",
	"iso_3": "SWZ",
	"iso_m49": "748"
}, {
	"name": "Sweden",
	"iso_2": "SE",
	"iso_3": "SWE",
	"iso_m49": "752"
}, {
	"name": "Switzerland",
	"iso_2": "CH",
	"iso_3": "CHE",
	"iso_m49": "756"
}, {
	"name": "Syrian Arab Republic (Syria)",
	"iso_2": "SY",
	"iso_3": "SYR",
	"iso_m49": "760"
}, {
	"name": "Taiwan, Republic of China ",
	"iso_2": "TW",
	"iso_3": "TWN",
	"iso_m49": "158"
}, {
	"name": "Tajikistan",
	"iso_2": "TJ",
	"iso_3": "TJK",
	"iso_m49": "762"
}, {
	"name": "Tanzania *, United Republic of ",
	"iso_2": "TZ",
	"iso_3": "TZA",
	"iso_m49": "834"
}, {
	"name": "Thailand",
	"iso_2": "TH",
	"iso_3": "THA",
	"iso_m49": "764"
}, {
	"name": "Timor-Leste",
	"iso_2": "TL",
	"iso_3": "TLS",
	"iso_m49": "626"
}, {
	"name": "Togo",
	"iso_2": "TG",
	"iso_3": "TGO",
	"iso_m49": "768"
}, {
	"name": "Tokelau ",
	"iso_2": "TK",
	"iso_3": "TKL",
	"iso_m49": "772"
}, {
	"name": "Tonga",
	"iso_2": "TO",
	"iso_3": "TON",
	"iso_m49": "776"
}, {
	"name": "Trinidad and Tobago",
	"iso_2": "TT",
	"iso_3": "TTO",
	"iso_m49": "780"
}, {
	"name": "Tunisia",
	"iso_2": "TN",
	"iso_3": "TUN",
	"iso_m49": "788"
}, {
	"name": "Turkey",
	"iso_2": "TR",
	"iso_3": "TUR",
	"iso_m49": "792"
}, {
	"name": "Turkmenistan",
	"iso_2": "TM",
	"iso_3": "TKM",
	"iso_m49": "795"
}, {
	"name": "Turks and Caicos Islands ",
	"iso_2": "TC",
	"iso_3": "TCA",
	"iso_m49": "796"
}, {
	"name": "Tuvalu",
	"iso_2": "TV",
	"iso_3": "TUV",
	"iso_m49": "798"
}, {
	"name": "Uganda",
	"iso_2": "UG",
	"iso_3": "UGA",
	"iso_m49": "800"
}, {
	"name": "Ukraine",
	"iso_2": "UA",
	"iso_3": "UKR",
	"iso_m49": "804"
}, {
	"name": "United Arab Emirates",
	"iso_2": "AE",
	"iso_3": "ARE",
	"iso_m49": "784"
}, {
	"name": "United Kingdom",
	"iso_2": "GB",
	"iso_3": "GBR",
	"iso_m49": "826"
}, {
	"name": "United States of America",
	"iso_2": "US",
	"iso_3": "USA",
	"iso_m49": "840"
}, {
	"name": "United States Minor Outlying Islands ",
	"iso_2": "UM",
	"iso_3": "UMI",
	"iso_m49": "581"
}, {
	"name": "Uruguay",
	"iso_2": "UY",
	"iso_3": "URY",
	"iso_m49": "858"
}, {
	"name": "Uzbekistan",
	"iso_2": "UZ",
	"iso_3": "UZB",
	"iso_m49": "860"
}, {
	"name": "Vanuatu",
	"iso_2": "VU",
	"iso_3": "VUT",
	"iso_m49": "548"
}, {
	"name": "Venezuela (Bolivarian Republic of)",
	"iso_2": "VE",
	"iso_3": "VEN",
	"iso_m49": "862"
}, {
	"name": "Viet Nam",
	"iso_2": "VN",
	"iso_3": "VNM",
	"iso_m49": "704"
}, {
	"name": "Virgin Islands, US",
	"iso_2": "VI",
	"iso_3": "VIR",
	"iso_m49": "850"
}, {
	"name": "Wallis and Futuna Islands ",
	"iso_2": "WF",
	"iso_3": "WLF",
	"iso_m49": "876"
}, {
	"name": "Western Sahara ",
	"iso_2": "EH",
	"iso_3": "ESH",
	"iso_m49": "732"
}, {
	"name": "Yemen",
	"iso_2": "YE",
	"iso_3": "YEM",
	"iso_m49": "887"
}, {
	"name": "Zambia",
	"iso_2": "ZM",
	"iso_3": "ZMB",
	"iso_m49": "894"
}, {
	"name": "Zimbabwe",
	"iso_2": "ZW",
	"iso_3": "ZWE",
	"iso_m49": "716"
}]